id,author,title,date,kind,locator,url,supports,limit,checked_at,cases
S01,국가인권위원회,방범 CCTV 등 무인단속장비의 설치·운영에 관한 법적 기준 마련해야,2004-05-10,공식 권고 보도자료,방범 CCTV 설치 경위 및 권고 내용,https://www.humanrights.go.kr/site/program/board/basicboard/view?boardid=554769&boardtypeid=24&currentpage=232&menuid=001004002001&pagesize=10,"2002년 12월 5대 시범 설치, 2003년 공개청문회, 2004년 법적 기준 권고",보도자료 확인; 권고 결정문 전체는 이번 보완에서 재확인하지 않음,2026-10-08,H01
S02,행정안전부,34개 시군구 CCTV 통합관제센터 구축,2011-01-18,공식 사업계획 발표,본문의 구축 대상 및 관제 기능,https://www.mois.go.kr/frt/bbs/type010/commonSelectBoardArticle.do?bbsId=BBSMSTR_000000000008&nttId=27953,2011년 통합관제센터 34개 구축 계획과 목적별 CCTV 통합 구상,계획 발표; 완료 실적이나 효과 평가 아님,2026-10-08,H02
S03,안전행정부,CCTV 소리에 반응하다,2014-01-08,공식 기술 발표,비명·충돌음 감지 및 관제 화면 알림 설명,https://mois.go.kr/frt/bbs/type010/commonSelectBoardArticle.do?bbsId=BBSMSTR_000000000008&nttId=40565,"특수 소리 감지, 카메라 회전, 화면 확대 및 경보",웹 등록일 기준; 독립 성능시험 미확보,2026-10-08,H02
S04,K-공감,실종자를 찾아라 1초에 CCTV 1000대 분석 60시간 할 일을 단 1분에,2025-11-21,정부 정책매체의 현장 취재,10월 3일 치매 노인 실종 사례,https://gonggam.korea.kr/newsContentView.es?mid=a12603000000&news_id=a19b4b5e-fad6-4a3a-9120-5e9488c3a8d9&section_id=,"흰 모자·지팡이, 아파트 진입 영상, 지하 1층 기계실 발견",관제센터 취재에 근거; 경찰 사건기록 미확보; 제목의 속도 수치를 평균 효과로 사용하지 않음,2026-10-08,H03
S05,서울특별시,서울 전역 CCTV 통합 검색… 실종자 수색 빨라진다,2026-04-01,공식 사업계획 발표,25개 자치구 확대와 외형 특징 검색 설명,https://www.seoul.go.kr/news/news_report.do?nttNo=455379,자치구 간 검색과 2026년 확대 계획,2026년 4월의 확대 계획; 2026년 10월 완료 여부는 미확인,2026-10-08,
S06,미국 국립의학도서관 NLM,Alphonse Bertillon (1853–1914),게시일 미표시,박물관 전시의 역사 해설,Visible Proofs / Biographies / Bertillon,https://www.nlm.nih.gov/exhibition/visibleproofs/galleries/biographies/bertillon.html,"1883년 파리 경찰의 체계 채택, 신체 계측과 표준 사진 기록",역사 종합 해설; 당시 경찰 원기록 미확보,2026-10-08,H04
S07,"National Academies of Sciences, Engineering, and Medicine","Facial Recognition Technology: Current Capabilities, Future Prospects, and Governance",2024,전문가 종합보고서,"제2장, 인쇄 쪽수 34–35",https://www.nationalacademies.org/read/27397/chapter/4,1960년대 중반 Bledsoe의 사람·기계 결합 얼굴 비교 연구,1966년 원논문 대신 전문가 종합보고서의 역사 서술 사용,2026-10-08,H05
S08,NIST,Face Recognition Technology (FERET),게시일 미표시,공식 연구사업 설명,사업 배경과 August 1994 evaluation,https://www.nist.gov/programs-projects/face-recognition-technology-feret,"1993년 시작, 1994년 첫 평가와 공통 시험의 필요성",당시 벤치마크 역사; 현재 제품 성능 판단 자료 아님,2026-10-08,H05
S09,NIST,NIST Evaluation Shows Advance in Face Recognition Software’s Capabilities,2018-11-30,공식 평가 결과 해설,2014년과 2018년 검색 누락 비율 비교,https://www.nist.gov/news-events/news/2018/11/nist-evaluation-shows-advance-face-recognition-softwares-capabilities,"해당 검색 시험의 누락 비율 4%에서 0.2%로 감소, CNN 성능 향상",거리 실시간 검색의 비대상자 오경보율과 구별 필요,2026-10-08,H05
S10,Associated Press / Deseret News,Street cameras in Tampa a sign of Big Brother,2001-07-03,동시대 언론 보도,슈퍼볼 운용과 Bill Todd 인터뷰,https://www.deseret.com/2001/7/3/19594393/street-cameras-in-tampa-a-sign-of-big-brother/,"2001년 슈퍼볼 얼굴 대조, 체포 없음, 경보 이후 현장 접근의 어려움",같은 기사 속 이보시티 거리 카메라 실험과 구분,2026-10-08,H06
S11,中国宁波网·现代金报 / 浙江在线,董明珠宁波闯红灯？交警：这是一次误识别,2018-11-22,현지 언론의 경찰 설명 인용,11월 21일 사건 및 교통경찰 17시 28분 설명,https://zjnews.zjol.com.cn/zjnews/nbnews/201811/t20181122_8807787.shtml,"버스 광고 얼굴 오인 표시, 경찰의 삭제 설명, 실제 이름과 다른 표기",원 웨이보 미확보; 벌금·체포 확인 없음,2026-10-08,H07
S12,ACLU,Williams v. City of Detroit — Face Recognition False Arrest,2024년 합의 관련 갱신 페이지,원고 측 소송 자료,사건 경위 및 2024년 합의 설명,https://www.aclu.org/cases/williams-v-city-of-detroit-face-recognition-false-arrest?document=Settlement-Agreement,"검색 후보, 사진 대질, 2020년 체포와 약 30시간 구금",원고 측 사건 설명; 모든 사실에 대한 법원의 확정 판단으로 제시하지 않음,2026-10-08,H08
S13,미국 미시간 동부 연방지방법원·사건 당사자,Williams v. City of Detroit — Final Order of Dismissal and Settlement Agreement,2024-06-28,법원 명령 및 합의문 원문,"42쪽 PDF 중 1–2쪽 종결 명령, 16쪽 지침 307.5-5.3",https://assets.aclu.org/live/uploads/2024/06/Final-Order-of-Dismissal-and-Settlement-Agreement.pdf,체포·영장 신청에 독립적이고 신뢰할 수 있는 추가 증거 요구,합의문과 첨부 경찰 지침의 내용; 2026년 개별 집행 실적은 미확인,2026-10-08,H08
S14,Metropolitan Police,Child sex offender identified through Met’s Live Facial Recognition sentenced,2026-02-03,경찰의 체포·선고 보도자료,"2025-12-19 체포, 2026-02-02 선고 경위",https://news.met.police.uk/news/child-sex-offender-identified-through-mets-live-facial-recognition-sentenced-505799,"공판 불출석 수배자 LFR 체포, 유죄 인정, 징역 12개월·집행유예 12개월",선고문 원문 미확보; 경찰 발표에 따른 개별 사례,2026-10-08,H09
S15,New York State Office of the Attorney General,Attorney General James Seeks Information from Madison Square Garden Regarding Use of Facial Recognition Technology to Prohibit Ticket Holders from Entering Venues,2023-01-25,주 법무장관의 자료 요구 발표,소송 상대 로펌 소속 변호사 출입 제한 설명,https://ag.ny.gov/press-release/2023/attorney-general-james-seeks-information-madison-square-garden-regarding-use,소송 상대 로펌 변호사 배제 정책과 얼굴인식 이용 문제 제기,위법 확정 판결 아님; 현재 정책 유지 여부 미확인,2026-10-08,H10
S16,New York State Office of the Attorney General,Letter to Madison Square Garden Entertainment Corp.,2023-01-25,공식 자료 요구 서한 원문,2쪽 서한 전체,https://ag.ny.gov/sites/default/files/2023-01/nys_oag_letter_to_madison_square_garden_entertainment_corp.pdf,배제 정책·얼굴인식 운용과 관련한 회사 설명 요청,회사 답변이나 후속 판결은 이번 보완에서 확인하지 않음,2026-10-08,H10
S17,CNIL,2024 Olympics: the CNIL’s Q&A on your privacy and freedoms,2024-06-25,감독기관의 당시 제도 설명,Augmented cameras 관련 문답,https://www.cnil.fr/en/2024-olympics-cnils-qa-your-privacy-and-freedoms,"여덟 가지 탐지 상황, 사람의 경보 확인, 얼굴인식·생체정보 식별 제외",2024년 올림픽 실험 규칙; 2026년 현행법 전체 설명에 사용하지 않음,2026-10-08,H11
S18,Apple,미래가 바로 여기에: iPhone X,2017-09-12,제조사 제품 발표,TrueDepth 카메라와 Face ID 설명,https://www.apple.com/kr/newsroom/2017/09/the-future-is-here-iphone-x/,아이폰 X의 Face ID 도입과 본인 확인 기능,제조사 설명; 독립적 성능 평가 아님,2026-10-08,H12
S19,Apple Support,About Face ID advanced technology,갱신형 기술 지원 페이지,제조사 기술·보안 설명,How Face ID works 및 Security safeguards,https://support.apple.com/en-us/102381,"등록된 얼굴과의 비교, 깊이·적외선 정보 이용",페이지 확인일 2026-10-08; 휴대전화 수치를 공공 CCTV에 전용하지 않음,2026-10-08,H12
S20,Phillips et al.,"Face recognition accuracy of forensic examiners, superrecognizers, and face recognition algorithms",2018,동료심사 연구논문 원문,"PNAS, DOI 10.1073/pnas.1721355115; PDF 3쪽 결합 방법, 5–6쪽 Methods",https://obj.umiacs.umd.edu/papers_for_stories/chellappa_facial_recognition.pdf,"어려운 얼굴 사진 20쌍, 독립 판단 점수 평균, 전문가·알고리즘 결합 결과",선정된 사진쌍 실험; 거리 실시간 운영에서의 일반적 안전성 보장은 아님,2026-10-08,H13
S21,NIST,NIST Study Shows Face Recognition Experts Perform Better With AI as Partner,2018-05-29,연구기관의 논문 해설,인간·알고리즘 조합 및 실제 운영 미시험 설명,https://www.nist.gov/news-events/news/2018/05/nist-study-shows-face-recognition-experts-perform-better-ai-partner,전문가·AI 결합 연구의 맥락과 실제 운영 시험의 한계,S20과 같은 연구의 해설로 독립된 효과 연구 수에 더하지 않음,2026-10-08,H13
S22,Deseret News,W.V. police to buy ‘Snooper Bowl’ devices,2001-11-15,동시대 언론 보도,탬파 슈퍼볼 장비와 별명 설명,https://www.deseret.com/2001/11/15/19616892/w-v-police-to-buy-snooper-bowl-devices/,Snooper Bowl 별명과 슈퍼볼 체포 없음의 교차 확인,신규 구매 계획과 이미 발생한 슈퍼볼 사건 구분,2026-10-08,H06
